,index,Validation-accuracy,--dropout,--learning_rate
0,1,0.9712,0.4439382425122721,0.08177734351368438
1,2,0.9752,0.36691549333903695,0.13167199355992532
2,3,0.9679,0.1967271602243,0.04583595425426854
3,4,0.974,0.2575218058968,0.09349862655663545
